Title,Website,Normalized_Website,City,State,Location,Lat,Lng
3B: The Downtown Brooklyn Bed & Breakfast,http://3bbrooklyn.com/ (Work),http://3bbrooklyn.com/,New York,NY,"New York, NY",40.7127753,-74.0059728
4th Tap Brewing Cooperative,http://4thtap.coop (Work),http://4thtap.coop,Austin,TX,"Austin, TX",30.267153,-97.7430608
A Bookkeeping Cooperative,http://www.bookkeeping.coop (Work),http://www.bookkeeping.coop,Brooklyn,NY,"Brooklyn, NY",40.6781784,-73.9441579
A Slice of New York,http://asliceofny.com (Work),http://asliceofny.com,San Jose,CA,"San Jose, CA",37.3382082,-121.8863286
A Yard & A Half Landscaping Cooperative,http://www.ayardandahalf.com/ (Work),http://www.ayardandahalf.com/,Waltham,MA,"Waltham, MA",42.3764852,-71.2356113
Access Cooperative,http://accessconsultingservices.org (Work),http://accessconsultingservices.org,Grafton,MA,"Grafton, MA",42.2070391,-71.6856236
Agaric,http://agaric.com (Work),http://agaric.com,Boston,MA,"Boston, MA",42.3600825,-71.0588801
AK Press,http://akpress.org (Work),http://akpress.org,Chico,CA,"Chico, CA",39.7284944,-121.8374777
Alberta Cooperative Grocery,http://www.albertagrocery.coop (Work),http://www.albertagrocery.coop,Portland,OR,"Portland, OR",45.5122308,-122.6587185
Alchemy Collective,http://alchemycollectivecafe.com (Work),http://alchemycollectivecafe.com,Berkeley,CA,"Berkeley, CA",37.8715926,-122.272747
Alexandria Union Cab,http://alexunioncab.com (Work),http://alexunioncab.com,Alexandria,VA,"Alexandria, VA",38.8048355,-77.0469214
Alliance Taxi Co-op,http://coop.cab (Work),http://coop.cab,Philadelphia,PA,"Philadelphia, PA",39.9525839,-75.1652215
Alvarado Street Bakery,http://alvaradostreetbakery.com (Work),http://alvaradostreetbakery.com,Petaluma,CA,"Petaluma, CA",38.232417,-122.6366524
AORTA Co-op | Anti-Oppression Resource and Training Alliance Cooperative,http://www.aorta.coop (Work),http://www.aorta.coop,Starksboro,VT,"Starksboro, VT",44.2272782,-73.0573427
Apple Eco-Cleaning,http://www.applegreencoop.com/ (Work),http://www.applegreencoop.com/,New York,NY,"New York, NY",40.7127753,-74.0059728
Arbor Assays,http://www.arborassays.com/ (Work),http://www.arborassays.com/,Ann Arbor,MI,"Ann Arbor, MI",42.2808256,-83.7430378
Arizmendi 9th Avenue,http://arizmendibakery.com (Work),http://arizmendibakery.com,San Francisco,CA,"San Francisco, CA",37.7749295,-122.4194155
Arizmendi Bakery Emeryville,http://arizmendi-bakery.org (Work),http://arizmendi-bakery.org,Emeryville,CA,"Emeryville, CA",37.831316,-122.2852473
Arizmendi Bakery Lakeshore,http://arizmendilakeshore.com/ (Work),http://arizmendilakeshore.com/,Oakland,CA,"Oakland, CA",37.8043637,-122.2711137
Arizmendi Bakery San Rafael,http://www.arizmendi-sanrafael.com/ (Work),http://www.arizmendi-sanrafael.com/,San Rafael,CA,"San Rafael, CA",37.9735346,-122.5310874
Arizmendi Bakery Valencia,http://valencia.arizmendi.coop (Work),http://valencia.arizmendi.coop,San Francisco,CA,"San Francisco, CA",37.7749295,-122.4194155
Artisan Beverage Coop,http://www.artbev.coop (Work),http://www.artbev.coop,Greenfield,MA,"Greenfield, MA",42.587915,-72.5994104
Artwood Gallery,http://artwoodgallery.com (Work),http://artwoodgallery.com,Washington,WA,"Washington, WA",47.7510741,-120.7401385
AWOL Dance Collective,http://awoldance.org (Work),http://awoldance.org,Portland,OR,"Portland, OR",45.5122308,-122.6587185
Baltimore Bicycle Works,http://baltimorebicycleworks.com (Work),http://baltimorebicycleworks.com,Baltimore,MD,"Baltimore, MD",39.2903848,-76.6121893
Bed Stuy Fresh and Local,http://bedstuyfreshandlocal.net (Work),http://bedstuyfreshandlocal.net,Brooklyn,NY,"Brooklyn, NY",40.6781784,-73.9441579
Bedlam Theatre,http://www.bedlamtheatre.org (Work),http://www.bedlamtheatre.org,Minneapolis,MN,"Minneapolis, MN",44.977753,-93.2650108
Bellingham Bay Builders,http://bellinghambaybuilders.com (Work),http://bellinghambaybuilders.com,Bellingham,WA,"Bellingham, WA",48.7519112,-122.4786854
Beluga Software,http://belugasoftware.com (Work),http://belugasoftware.com,Olympia,WA,"Olympia, WA",47.0378741,-122.9006951
Berkeley Massage & Self Healing Center,https://www.berkeleymassage.com/ (Work),https://www.berkeleymassage.com/,Berkeley,CA,"Berkeley, CA",37.8715926,-122.272747
Beyond Care,http://beyondcare.coop (Work),http://beyondcare.coop,Brooklyn,NY,"Brooklyn, NY",40.6781784,-73.9441579
BICAS Bicycle Inter Community Art and Salvage,http://bicas.org (Work),http://bicas.org,Tucson,AZ,"Tucson, AZ",32.2226066,-110.9747108
Big Timberworks,http://bigtimberworks.com (Work),http://bigtimberworks.com,Gallatin Gateway,MT,"Gallatin Gateway, MT",45.5915958,-111.1977304
Bikes and Humans,http://bikesandhumans.com (Work),http://bikesandhumans.com,Brooklyn,NY,"Brooklyn, NY",40.6781784,-73.9441579
Bio-Classic Cleaning,http://facebook.com/Bio-Classic-Cleaning-Services-805145459535290 (Work),http://facebook.com/Bio-Classic-Cleaning-Services-805145459535290,Bronx,NY,"Bronx, NY",40.8447819,-73.8648268
Biofuel Oasis,http://biofueloasis.com (Work),http://biofueloasis.com,Berkeley,CA,"Berkeley, CA",37.8715926,-122.272747
Bits and Bites,https://www.facebook.com/bitsbitestechcafe (Work),https://www.facebook.com/bitsbitestechcafe,Bronx,NY,"Bronx, NY",40.8447819,-73.8648268
Black Bear Bakery,http://www.blackbear.coop/ (Work),http://www.blackbear.coop/,St Louis,MO,"St Louis, MO",38.6270025,-90.1994042
Black Cap Landscaping Cooperative,https://blackcapcoop.wordpress.com (Work),https://blackcapcoop.wordpress.com,Seattle,WA,"Seattle, WA",47.6062095,-122.3320708
Black Star Co-op,http://blackstar.coop (Work),http://blackstar.coop,Austin,TX,"Austin, TX",30.267153,-97.7430608
Blue Dot Advocates,https://bluedotlaw.com (Work),https://bluedotlaw.com,Denver,CO,"Denver, CO",39.7392358,-104.990251
Blue Scorcher Bakery & Cafe,http://bluescorcher.coop (Work),http://bluescorcher.coop,Astoria,OR,"Astoria, OR",46.1878841,-123.8312534
Blue Spruce Painting and Decorating,http://bluesprucepainting.com (Work),http://bluesprucepainting.com,Ithaca,NY,"Ithaca, NY",42.4439614,-76.5018807
Boston Interpreters Collective,http://interpreterscollective.org (Work),http://interpreterscollective.org,Boston,MA,"Boston, MA",42.3600825,-71.0588801
Boston TechCollective,https://techcollective.com/ (Work),https://techcollective.com/,Somerville,MA,"Somerville, MA",42.3875968,-71.0994968
Bountiful Backyards,http://bountifulbackyards.com (Work),http://bountifulbackyards.com,Durham,NC,"Durham, NC",35.9940329,-78.898619
Box Dog Bikes,http://www.boxdogbikes.com (Work),http://www.boxdogbikes.com,San Francisco,CA,"San Francisco, CA",37.7749295,-122.4194155
Brattleboro Holistic Health,http://brattleboroholistichealth.com (Work),http://brattleboroholistichealth.com,Brattleboro,VT,"Brattleboro, VT",42.8509152,-72.5578678
BreadHive Bakery & Cafe,http://www.Breadhive.com (Work),http://www.Breadhive.com,Buffalo,NY,"Buffalo, NY",42.8864468,-78.8783689
Breitenbush Hot Springs,http://www.breitenbush.com (Work),http://www.breitenbush.com,Detroit,OR,"Detroit, OR",44.7340108,-122.1497982
Brightly Cleaning Cooperative,http://www.brightly.com (Work),http://www.brightly.com,New York,NY,"New York, NY",40.7127753,-74.0059728
Bring It Local,http://bringitlocal.com (Work),http://bringitlocal.com,Fairfax,CA,"Fairfax, CA",37.9871454,-122.5888686
Broadway Bicycle,http://broadwaybicycleschool.com (Work),http://broadwaybicycleschool.com,Cambridge,MA,"Cambridge, MA",42.3736158,-71.1097335
Brooklyn Packers,https://www.facebook.com/thebrooklynpackers/ (Work),https://www.facebook.com/thebrooklynpackers/,Brooklyn,NY,"Brooklyn, NY",40.6781784,-73.9441579
Buffalo Mountain Food Co-op & Cafe,http://buffalomountaincoop.org (Work),http://buffalomountaincoop.org,Hardwick,VT,"Hardwick, VT",44.5416243,-72.3486802
C.L.A.R.O.,,,San Jose,CA,"San Jose, CA",37.3382082,-121.8863286
C'Ville Foodscapes,http://cvillefoodscapes.com (Work),http://cvillefoodscapes.com,Charlottesville,VA,"Charlottesville, VA",38.0293059,-78.4766781
C4 Tech & Design,http://c4tech.com (Work),http://c4tech.com,New Orleans,LA,"New Orleans, LA",29.9510658,-90.0715323
Camas Partners,http://camaspartners.com (Work),http://camaspartners.com,Spokane,WA,"Spokane, WA",47.6587802,-117.4260465
Caracol Language Cooperative,http://facebook.com/CaracolLanguageCoop (Work),http://facebook.com/CaracolLanguageCoop,Brooklyn,NY,"Brooklyn, NY",40.6781784,-73.9441579
Casa Nueva Restaurant,http://www.casanueva.com (Work),http://www.casanueva.com,Athens,OH,"Athens, OH",39.3292396,-82.1012554
Cascadia Collective Hood & Duct,http://www.cascadiacollectivehoodandduct.com/ (Work),http://www.cascadiacollectivehoodandduct.com/,Portland,OR,"Portland, OR",45.5122308,-122.6587185
Catamount Solar,http://catamountsolar.com (Work),http://catamountsolar.com,Randolph,VT,"Randolph, VT",43.9247446,-72.6656948
Center Point Counseling Services,http://centerpoint.coop (Work),http://centerpoint.coop,Viroqua,WI,"Viroqua, WI",43.5569174,-90.8887413
Central Coop,http://www.centralcoop.coop/home.php (Work),http://www.centralcoop.coop/home.php,Seattle,WA,"Seattle, WA",47.6062095,-122.3320708
CERO,http://www.CERO.coop (Work),http://www.CERO.coop,Boston,MA,"Boston, MA",42.3600825,-71.0588801
Charmington's,http://charmingtons.com (Work),http://charmingtons.com,Baltimore,MD,"Baltimore, MD",39.2903848,-76.6121893
Childspace,http://childspacedaycarecenters.org/ (Work),http://childspacedaycarecenters.org/,Philadelphia,PA,"Philadelphia, PA",39.9525839,-75.1652215
Circle of Life Caregiver Cooperative,http://circleoflife.coop (Work),http://circleoflife.coop,Bellingham,WA,"Bellingham, WA",48.7519112,-122.4786854
Circle Yoga Cooperative,http://circleyoga.com (Work),http://circleyoga.com,Washington,DC,"Washington, DC",38.9071923,-77.0368707
City Art Cooperative Gallery,http://www.cityartgallery.org (Work),http://www.cityartgallery.org,San Francisco,CA,"San Francisco, CA",37.7749295,-122.4194155
Citybikes Workers' Cooperative,http://citybikes.coop (Work),http://citybikes.coop,Portland,OR,"Portland, OR",45.5122308,-122.6587185
Civilization,http://welcometocivilization.com (Work),http://welcometocivilization.com,Gainesville,FL,"Gainesville, FL",29.6516344,-82.3248262
Clean Bee Cleaning Co-op,http://cleanbee.coop/ (Work),http://cleanbee.coop/,Portland,ME,"Portland, ME",43.6590993,-70.2568189
Co-Soap,http://co-soap.com (Work),http://co-soap.com,Oakland,CA,"Oakland, CA",37.8043637,-122.2711137
CoLab Cooperative,https://colab.coop/ (Work),https://colab.coop/,Ithaca,NY,"Ithaca, NY",42.4439614,-76.5018807
Collective Copies,http://www.collectivecopies.coop (Work),http://www.collectivecopies.coop,Amherst,MA,"Amherst, MA",42.3732216,-72.5198537
Colorado Recovery,http://coloradorecovery.com (Work),http://coloradorecovery.com,Boulder,CO,"Boulder, CO",40.0149856,-105.2705456
CoMetrics,http://www.coopmetrics.com (Work),http://www.coopmetrics.com,Boston,MA,"Boston, MA",42.3600825,-71.0588801
Common Ground Health Clinic,http://www.cghc.org/ (Work),http://www.cghc.org/,New Orleans,LA,"New Orleans, LA",29.9510658,-90.0715323
Common Ground Wellness Co-Operative,http://cgwc.org (Work),http://cgwc.org,Portland,OR,"Portland, OR",45.5122308,-122.6587185
Community Blend,http://facebook.com/CommunityBlendCoffeeShop (Work),http://facebook.com/CommunityBlendCoffeeShop,Cincinnati,OH,"Cincinnati, OH",39.1031182,-84.5120196
Community Builders Cooperative,http://communitybuilders.coop (Work),http://communitybuilders.coop,Somerville,MA,"Somerville, MA",42.3875968,-71.0994968
Community Pharmacy,http://communitypharmacy.coop (Work),http://communitypharmacy.coop,Madison,WI,"Madison, WI",43.0730517,-89.4012302
"Community Printers, Inc.",http://comprinters.com (Work),http://comprinters.com,Santa Cruz,CA,"Santa Cruz, CA",36.9741171,-122.0307963
Comrade Cycles LLC.,http://comradecycles.com (Work),http://comradecycles.com,Chicago,IL,"Chicago, IL",41.8781136,-87.6297982
Confluence Courier,http://confluencecourier.com (Work),http://confluencecourier.com,Denver,CO,"Denver, CO",39.7392358,-104.990251
Coop 108,http://coop108.com (Work),http://coop108.com,Haydenville,MA,"Haydenville, MA",42.3742798,-72.7020329
Cooperation Texas,http://cooperationtexas.coop (Work),http://cooperationtexas.coop,Austin,TX,"Austin, TX",30.267153,-97.7430608
Cooperative Care of Wisconsin,http://www.cooperativecare.us/ (Work),http://www.cooperativecare.us/,Wautoma,WI,"Wautoma, WI",44.0746995,-89.287897
Cooperative Digital,http://coopdigital.com (Work),http://coopdigital.com,Berkeley,CA,"Berkeley, CA",37.8715926,-122.272747
Cooperative Home Care Associates,http://www.chcany.org (Work),http://www.chcany.org,Bronx,NY,"Bronx, NY",40.8447819,-73.8648268
Cooperative Janitorial Services,http://cooperativejanitorialservices.yolasite.com/ (Work),http://cooperativejanitorialservices.yolasite.com/,Cincinnati,OH,"Cincinnati, OH",39.1031182,-84.5120196
Cricket Courier,http://cricketcourier.com (Work),http://cricketcourier.com,San Francisco,CA,"San Francisco, CA",37.7749295,-122.4194155
Crown O'Maine Organic Cooperative,http://www.crownofmainecoop.com (Work),http://www.crownofmainecoop.com,North Vassalboro,ME,"North Vassalboro, ME",44.4860121,-69.6228847
Cupid Courier Collective,http://cupidcourier.com (Work),http://cupidcourier.com,San Francisco,CA,"San Francisco, CA",37.7749295,-122.4194155
D'Aboy Career Horizons,http://careerhorizon.net (Work),http://careerhorizon.net,Olympia,WA,"Olympia, WA",47.0378741,-122.9006951
Dahlia Green Cleaning,http://dahlia.coop (Work),http://dahlia.coop,Austin,TX,"Austin, TX",30.267153,-97.7430608
Data Systems Inc.,http://www.datasystems.coop (Work),http://www.datasystems.coop,Burlington,VT,"Burlington, VT",44.4758825,-73.212072
Deconstruction Works,http://www.deconstructionworks.com/ (Work),http://www.deconstructionworks.com/,Dummerston,VT,"Dummerston, VT",42.9215017,-72.5838146
Desert Marigold School,http://phoenixwaldorf.org/ (Work),http://phoenixwaldorf.org/,Phoenix,AZ,"Phoenix, AZ",33.4483771,-112.0740373
Design Action Collective,http://designaction.org (Work),http://designaction.org,Oakland,CA,"Oakland, CA",37.8043637,-122.2711137
DIG Coop,http://dig.coop (Work),http://dig.coop,Oakland,CA,"Oakland, CA",37.8043637,-122.2711137
Diggers Landscaping Co-op,http://www.diggerscoop.com/ (Work),http://www.diggerscoop.com/,Worcester,MA,"Worcester, MA",42.2625932,-71.8022934
Diggers Mirth Collective Farm,http://www.citymarket.coop (Work),http://www.citymarket.coop,Burlington,VT,"Burlington, VT",44.4758825,-73.212072
Dollars And Sense,http://www.dollarsandsense.org (Work),http://www.dollarsandsense.org,Boston,MA,"Boston, MA",42.3600825,-71.0588801
Dos Pinos Landscaping,,,Queens,NY,"Queens, NY",40.7282239,-73.7948516
Earth Designs Cooperative,http://yourearthdesigns.com/ (Work),http://yourearthdesigns.com/,Rosendale,NY,"Rosendale, NY",41.8443125,-74.0810669
Earthbound Builders Collective,http://earthboundbuilders.com (Work),http://earthboundbuilders.com,Austin,TX,"Austin, TX",30.267153,-97.7430608
Echo Adventure Cooperative,http://www.echocoop.com (Work),http://www.echocoop.com,Groveland,CA,"Groveland, CA",37.8388779,-120.2308167
Eco-Care Housecleaning,http://www.eco-care.org/ (Work),http://www.eco-care.org/,Morgan Hill,CA,"Morgan Hill, CA",37.1305012,-121.6543901
Ecomundo Cleaning,http://ecomundo.coop (Work),http://ecomundo.coop,New York,NY,"New York, NY",40.7127753,-74.0059728
"Electric Embers Cooperative, Inc",https://electricembers.coop (Work),https://electricembers.coop,San Francisco,CA,"San Francisco, CA",37.7749295,-122.4194155
Electric Violin Shop,http://electricviolinshop.com (Work),http://electricviolinshop.com,Durham,NC,"Durham, NC",35.9940329,-78.898619
Émigré Gourmet,http://Emigregourmet.weebly.com (Work),http://Emigregourmet.weebly.com,Brooklyn,NY,"Brooklyn, NY",40.6781784,-73.9441579
Emma's Eco-Clean,http://emmasecoclean.com (Work),http://emmasecoclean.com,Redwood City,CA,"Redwood City, CA",37.4852152,-122.2363548
Energy Solidarity Cooperative,http://www.esc.coop (Work),http://www.esc.coop,Oakland,CA,"Oakland, CA",37.8043637,-122.2711137
Equal Exchange,http://equalexchange.coop/ (Work),http://equalexchange.coop/,West Bridgewater,MA,"West Bridgewater, MA",42.0189894,-71.0078215
Equality Homecare,http://equality.homecare.coop (Work),http://equality.homecare.coop,New Braunfels,TX,"New Braunfels, TX",29.7030024,-98.1244531
Equity Atlas,http://www.equityatlas.com/ (Work),http://www.equityatlas.com/,Portland,OR,"Portland, OR",45.5122308,-122.6587185
Evergreen Energy Solutions,http://www.evgoh.com/e2s/ (Work),http://www.evgoh.com/e2s/,Cleveland,OH,"Cleveland, OH",41.49932,-81.6943605
Evergreen Laundry,http://www.evgoh.com/ecl/ (Work),http://www.evgoh.com/ecl/,Cleveland,OH,"Cleveland, OH",41.49932,-81.6943605
Ewing Controls,http://www.ewingcontrols.com/ (Work),http://www.ewingcontrols.com/,Greenfield,MA,"Greenfield, MA",42.587915,-72.5994104
Farm Truck Juice,http://farmtruckjuice.com/ (Work),http://farmtruckjuice.com/,Portland,ME,"Portland, ME",43.6590993,-70.2568189
Fedco Seeds,http://www.fedcoseeds.com (Work),http://www.fedcoseeds.com,clinton,ME,"clinton, ME",44.637828,-69.5031267
Fertile Ground Compost Services,http://fertilegroundok.coop (Work),http://fertilegroundok.coop,Oklahoma City,OK,"Oklahoma City, OK",35.4675602,-97.5164276
Fertile Underground Grocery,http://fertileunderground.com (Work),http://fertileunderground.com,Providence,RI,"Providence, RI",41.8239891,-71.4128343
Firestorm Books & Coffee,https://www.firestorm.coop (Work),https://www.firestorm.coop,Asheville,NC,"Asheville, NC",35.5950581,-82.5514869
Four Star Video Cooperative,http://fourstarvideocoop.com (Work),http://fourstarvideocoop.com,Madison,WI,"Madison, WI",43.0730517,-89.4012302
French Broad Food Co-op,http://www.frenchbroadfood.coop (Work),http://www.frenchbroadfood.coop,ASHEVILLE,NC,"ASHEVILLE, NC",35.5950581,-82.5514869
Fresh Tamales,http://fresh-tamales.com (Work),http://fresh-tamales.com,Vista,CA,"Vista, CA",33.2000368,-117.2425355
Friends of the Third World,WWW.FRIENDSOFTHETHIRDWORLD.ORG (Work),WWW.FRIENDSOFTHETHIRDWORLD.ORG,Fort Wayne,IN,"Fort Wayne, IN",41.079273,-85.1393513
Fullsteam Labs,http://www.fullsteamlabs.com/ (Work),http://www.fullsteamlabs.com/,Asheville,NC,"Asheville, NC",35.5950581,-82.5514869
Future Focus Media Cooperative,http://futurefocusmedia.org (Work),http://futurefocusmedia.org,Worcester,MA,"Worcester, MA",42.2625932,-71.8022934
Gaia Host Collective,http://www.gaiahost.coop (Work),http://www.gaiahost.coop,Greenfield,MA,"Greenfield, MA",42.587915,-72.5994104
Ginger Moon,http://ginger-moon.com (Work),http://ginger-moon.com,Bronx,NY,"Bronx, NY",40.8447819,-73.8648268
Glocal,https://glocal.coop (Work),https://glocal.coop,Brooklyn,NY,"Brooklyn, NY",40.6781784,-73.9441579
Glut Food Co-op,http://glutfood.org (Work),http://glutfood.org,Mt. Rainier,MD,"Mt. Rainier, MD",38.9415,-76.9649751
Golden Steps Elder Care Cooperative,http://www.goldensteps.coop (Work),http://www.goldensteps.coop,Brooklyn,NY,"Brooklyn, NY",40.6781784,-73.9441579
Great Sky Solar,http://greatskysolar.com (Work),http://greatskysolar.com,CAMBRIDGE,MA,"CAMBRIDGE, MA",42.3736158,-71.1097335
Green & Clean LLC,http://www.greencleaningcontracosta.com/ (Work),http://www.greencleaningcontracosta.com/,Pleasant Hill,CA,"Pleasant Hill, CA",37.9479786,-122.0607963
Green Broom Brigade Cooperative,http://greenbroombrigade.com (Work),http://greenbroombrigade.com,Lompoc,CA,"Lompoc, CA",34.6391501,-120.4579409
Green City Growers Cooperative,http://www.evgoh.com/gcg/ (Work),http://www.evgoh.com/gcg/,Cleveland,OH,"Cleveland, OH",41.49932,-81.6943605
Green Mountain Spinnery,http://spinnery.com (Work),http://spinnery.com,Putney,VT,"Putney, VT",42.975268,-72.5217237
Green Muse Housecleaning,http://www.facebook.com/pages/Green-Muse-Home-Cleaning-Co-Op/390754557625003 (Work),http://www.facebook.com/pages/Green-Muse-Home-Cleaning-Co-Op/390754557625003,Hendersonville,NC,"Hendersonville, NC",35.3187279,-82.4609528
Green Taxi Cooperative,http://greentaxico-op.com/ (Work),http://greentaxico-op.com/,Denver,CO,"Denver, CO",39.7392358,-104.990251
Greenvitalize Urban Growers,http://greenvitalize.org (Work),http://greenvitalize.org,Worcester,MA,"Worcester, MA",42.2625932,-71.8022934
Handwork - Craft Cooperative Store,http://handwork.coop (Work),http://handwork.coop,Ithaca,NY,"Ithaca, NY",42.4439614,-76.5018807
Heartwood Cooperative Woodshop,http://www.heartwoodshop.net (Work),http://www.heartwoodshop.net,Berkeley,CA,"Berkeley, CA",37.8715926,-122.272747
Home Care Associates,http://homecareassociatespa.com (Work),http://homecareassociatespa.com,Philadelphia,PA,"Philadelphia, PA",39.9525839,-75.1652215
Home Green Home,http://www.homegreenhomesf.com (Work),http://www.homegreenhomesf.com,San Francisco,CA,"San Francisco, CA",37.7749295,-122.4194155
Hourworld,http://hourworld.org (Work),http://hourworld.org,Portland,ME,"Portland, ME",43.6590993,-70.2568189
HTINK,http://htink.org/ (Work),http://htink.org/,Brooklyn,NY,"Brooklyn, NY",40.6781784,-73.9441579
"ICA Group, Inc.",http://www.ica-group.org (Work),http://www.ica-group.org,Northampton,MA,"Northampton, MA",42.3250896,-72.6412013
In the City Off the Grid,http://inthecityoffthegrid.org (Work),http://inthecityoffthegrid.org,Rochester,NY,"Rochester, NY",43.1565779,-77.6088465
Independent Fabrication,http://ifbikes.com/ (Work),http://ifbikes.com/,Newmarket,NH,"Newmarket, NH",43.0828551,-70.9350382
Interpreters' Cooperative of Madison,http://interpreters.coop (Work),http://interpreters.coop,Madison,WI,"Madison, WI",43.0730517,-89.4012302
Island Employee Cooperative,http://iecoop.org/ (Work),http://iecoop.org/,Stonington,ME,"Stonington, ME",44.156192,-68.6666926
Isthmus Engineering and Manufacturing Cooperative,http://isthmuseng.com (Work),http://isthmuseng.com,Oregon,WI,"Oregon, WI",42.9261116,-89.3845634
Jet Video Cooperative,http://jetvideoonline.com (Work),http://jetvideoonline.com,Portland,ME,"Portland, ME",43.6590993,-70.2568189
Juice Bar Collective Restaurant,http://thejuicebar.org (Work),http://thejuicebar.org,Berkeley,CA,"Berkeley, CA",37.8715926,-122.272747
Just Coffee Cooperative,http://justcoffee.coop (Work),http://justcoffee.coop,Madison,WI,"Madison, WI",43.0730517,-89.4012302
Kaluk Marketing Services,http://kaluk.coop (Work),http://kaluk.coop,Brooklyn,NY,"Brooklyn, NY",40.6781784,-73.9441579
Kindred Content Design,http://kindredcontentdesign.com/ (Work),http://kindredcontentdesign.com/,Grandville,MI,"Grandville, MI",42.9097484,-85.7630885
La Colectiva,http://lacolectivasf.org (Work),http://lacolectivasf.org,San Francisco,CA,"San Francisco, CA",37.7749295,-122.4194155
La Finca del Sur - South Bronx Farmers,http://bronxfarmers.blogspot.com (Work),http://bronxfarmers.blogspot.com,Bronx,NY,"Bronx, NY",40.8447819,-73.8648268
La Mies Bakery,http://lamiesbakery.wixsite.com/lamiesbakery (Work),http://lamiesbakery.wixsite.com/lamiesbakery,Hempstead,NY,"Hempstead, NY",40.7062128,-73.6187397
Lakeside Printing Cooperative,http://www.lakesidepress.org (Work),http://www.lakesidepress.org,Madison,WI,"Madison, WI",43.0730517,-89.4012302
Las Flores Metalarte,http://mueblespr.com (Work),http://mueblespr.com,Coamo,PR,"Coamo, PR",18.0799616,-66.3579473
Left Bank Books Collective,http://www.leftbankbooks.com (Work),http://www.leftbankbooks.com,Seattle,WA,"Seattle, WA",47.6062095,-122.3320708
LIFT Economy,http://www.lifteconomy.com (Work),http://www.lifteconomy.com,SAN FRANCISCO,CA,"SAN FRANCISCO, CA",37.7749295,-122.4194155
Line Break Media,http://www.linebreakmedia.org (Work),http://www.linebreakmedia.org,Minneapolis,MN,"Minneapolis, MN",44.977753,-93.2650108
Little Grill Collective,http://www.lgc.coop (Work),http://www.lgc.coop,Harrisonburg,VA,"Harrisonburg, VA",38.4495688,-78.8689155
Little Weaver Web Collective,http://littleweaverweb.com (Work),http://littleweaverweb.com,Seattle,WA,"Seattle, WA",47.6062095,-122.3320708
Local Sprouts Cooperative,http://localsproutscooperative.com (Work),http://localsproutscooperative.com,Portland,ME,"Portland, ME",43.6590993,-70.2568189
Lodi Farms,http://www.lodifarms.com/ (Work),http://www.lodifarms.com/,Ann Arbor,MI,"Ann Arbor, MI",42.2808256,-83.7430378
Los Angeles Union Cooperative Initiative,http://luci.coop/ (Work),http://luci.coop/,Los Angeles,CA,"Los Angeles, CA",34.0522342,-118.2436849
Love & Learn Childcare,http://loveandlearn.coop/ (Work),http://loveandlearn.coop/,Staten Island,NY,"Staten Island, NY",40.5795317,-74.1502007
Magpie Messenger Collective,http://magpiemessenger.com (Work),http://magpiemessenger.com,Portland,OR,"Portland, OR",45.5122308,-122.6587185
Maharlika Cleaning Cooperative,https://maharlikacleaning.coop/ (Work),https://maharlikacleaning.coop/,New York,NY,"New York, NY",40.7127753,-74.0059728
Mandela Foods Cooperative,http://mandelafoods.com (Work),http://mandelafoods.com,Oakland,CA,"Oakland, CA",37.8043637,-122.2711137
Manos Home Care,http://manoshomecare.com (Work),http://manoshomecare.com,Oakland,CA,"Oakland, CA",37.8043637,-122.2711137
Maple Valley Cooperative,http://maplevalleysyrup.coop (Work),http://maplevalleysyrup.coop,Cashton,WI,"Cashton, WI",43.7419143,-90.7792984
Mariposa Food Co-op,http://mariposa.coop (Work),http://mariposa.coop,Philadelphia,PA,"Philadelphia, PA",39.9525839,-75.1652215
"Marketplace Cooperative, Inc.",http://marketplacecooperative.com (Work),http://marketplacecooperative.com,Anza,CA,"Anza, CA",33.5552692,-116.6741822
Maryland food collective,http://mdfood.coop (Work),http://mdfood.coop,College Park,MD,"College Park, MD",38.9896967,-76.93776
Matchbox Coffeeshop,https://www.facebook.com/pages/Matchbox-Coffeeshop/10150129865445346 (Work),https://www.facebook.com/pages/Matchbox-Coffeeshop/10150129865445346,Minneapolis,MN,"Minneapolis, MN",44.977753,-93.2650108
Maybeck High School,http://www.maybeckhs.org/ (Work),http://www.maybeckhs.org/,Berkeley,CA,"Berkeley, CA",37.8715926,-122.272747
Meerkat Media Collective,http://meerkatmedia.org/ (Work),http://meerkatmedia.org/,New York,NY,"New York, NY",40.7127753,-74.0059728
Mess Kollective,http://messkollective.com (Work),http://messkollective.com,New York,NY,"New York, NY",40.7127753,-74.0059728
Mētis Construction Inc,http://metisconstructioninc.com (Work),http://metisconstructioninc.com,Seattle,WA,"Seattle, WA",47.6062095,-122.3320708
Milkweed Mercantile Cooperative,http://www.milkweedmercantile.com (Work),http://www.milkweedmercantile.com,Rutledge,MO,"Rutledge, MO",40.3161859,-92.0873055
Mirabot,http://mirabot.coop (Work),http://mirabot.coop,Oakland,CA,"Oakland, CA",37.8043637,-122.2711137
Missing Link Bicycle Cooperative,http://missinglink.org (Work),http://missinglink.org,Berkeley,CA,"Berkeley, CA",37.8715926,-122.272747
Montpelier Construction,http://montpelierconstruction.com (Work),http://montpelierconstruction.com,Barre,VT,"Barre, VT",44.1970055,-72.5020494
Moosewood Restaurant,https://moosewoodcooks.com/ (Work),https://moosewoodcooks.com/,Ithaca,NY,"Ithaca, NY",42.4439614,-76.5018807
Namasté Solar,http://www.namastesolar.com/ (Work),http://www.namastesolar.com/,Boulder,CO,"Boulder, CO",40.0149856,-105.2705456
Natural Home Cleaning Professionals,http://www.naturalhomecleaning.com (Work),http://www.naturalhomecleaning.com,Oakland,CA,"Oakland, CA",37.8043637,-122.2711137
Nature's Bakery Cooperative,http://naturesbakery.coop (Work),http://naturesbakery.coop,Madison,WI,"Madison, WI",43.0730517,-89.4012302
New Day Films,http://newday.com (Work),http://newday.com,Blooming Grove,NY,"Blooming Grove, NY",41.4227446,-74.2047875
New Deal Home Improvement Company,http://www.Newdeal.coop (Work),http://www.Newdeal.coop,New York,NY,"New York, NY",40.7127753,-74.0059728
New Era Windows,http://newerawindows.com (Work),http://newerawindows.com,Chicago,IL,"Chicago, IL",41.8781136,-87.6297982
New Moon Cooperative Cafe,http://newmooncafe.coop (Work),http://newmooncafe.coop,Olympia,WA,"Olympia, WA",47.0378741,-122.9006951
Niles Pie Company,www.nilespie.com (Work),www.nilespie.com,Union City,CA,"Union City, CA",37.5933918,-122.0438298
North American Students of Cooperation,http://www.nasco.coop (Work),http://www.nasco.coop,Chicago,IL,"Chicago, IL",41.8781136,-87.6297982
North Wind Renewable Energy Cooperative,http://www.northwindre.com (Work),http://www.northwindre.com,Stevens Point,WI,"Stevens Point, WI",44.5235792,-89.574563
Northwest Construction Cooperative,http://northwestconstruction.coop (Work),http://northwestconstruction.coop,Olympia,WA,"Olympia, WA",47.0378741,-122.9006951
NursesCan Cooperative,,,Los Angeles,CA,"Los Angeles, CA",34.0522342,-118.2436849
Olympia Food Co-op,http://www.olympiafood.coop (Work),http://www.olympiafood.coop,Olympia,WA,"Olympia, WA",47.0378741,-122.9006951
Ometeotl,https://www.facebook.com/OmeteotlDomesticViolence/ (Work),https://www.facebook.com/OmeteotlDomesticViolence/,Bronx,NY,"Bronx, NY",40.8447819,-73.8648268
OnPoint Security NYC,http://onpointsecuirty.nyc (Work),http://onpointsecuirty.nyc,Long Island City,NY,"Long Island City, NY",40.744679,-73.9485424
Opportunity Threads,http://opportunitythreads.com (Work),http://opportunitythreads.com,Valdese,NC,"Valdese, NC",35.7406864,-81.563149
Other Avenues Food Cooperative,http://www.otheravenues.coop (Work),http://www.otheravenues.coop,San Francisco,CA,"San Francisco, CA",37.7749295,-122.4194155
Our Harvest,http://www.ourharvest.coop (Work),http://www.ourharvest.coop,Cincinnati,OH,"Cincinnati, OH",39.1031182,-84.5120196
Our Table,http://ourtable.us (Work),http://ourtable.us,Sherwood,OR,"Sherwood, OR",45.3562638,-122.8402122
Pa'lante Forward Green Cleaning,http://palantecleaning.coop (Work),http://palantecleaning.coop,New York,NY,"New York, NY",40.7127753,-74.0059728
Pacific Electric Worker-Owned,http://pacificelectric.coop (Work),http://pacificelectric.coop,Los Angles,CA,"Los Angles, CA",34.0522342,-118.2436849
Palante Technology Cooperative,http://palantetech.coop (Work),http://palantetech.coop,Brooklyn,NY,"Brooklyn, NY",40.6781784,-73.9441579
Patty Pan Cooperative,http://pattypangrill.com (Work),http://pattypangrill.com,Shoreline,WA,"Shoreline, WA",47.7559659,-122.3456972
Pattycake Bakery,http://www.pattycakebakery.com/ (Work),http://www.pattycakebakery.com/,Columbus,OH,"Columbus, OH",39.9611755,-82.9987942
Peachy Green Clean Cooperative,www.peachygreencleancoop.com (Work),www.peachygreencleancoop.com,Athens,GA,"Athens, GA",33.9519347,-83.357567
Pedal Express Courier Service,http://www.pedalexpress.com (Work),http://www.pedalexpress.com,Berkeley,CA,"Berkeley, CA",37.8715926,-122.272747
Pedal People Cooperative,https://www.pedalpeople.coop (Work),https://www.pedalpeople.coop,Northampton,MA,"Northampton, MA",42.3250896,-72.6412013
PedX Courier & Cargo,http://pedexsc.com (Work),http://pedexsc.com,Santa Cruz,CA,"Santa Cruz, CA",36.9741171,-122.0307963
Pelham Industrial Group,http://www.pelhamauto.com (Work),http://www.pelhamauto.com,Belchertown,MA,"Belchertown, MA",42.2770346,-72.4008884
Peoples Food Co-op,http://www.peoples.coop (Work),http://www.peoples.coop,Portland,OR,"Portland, OR",45.5122308,-122.6587185
Pin Up Posters Courier Collective,,,Pittsburgh,PA,"Pittsburgh, PA",40.4406248,-79.9958864
Plausible Labs,http://plausible.coop (Work),http://plausible.coop,San Francisco,CA,"San Francisco, CA",37.7749295,-122.4194155
POLIDO Skateboards,https://www.facebook.com/POLIDO.Skateboards/ (Work),https://www.facebook.com/POLIDO.Skateboards/,Bronx,NY,"Bronx, NY",40.8447819,-73.8648268
Polycot Associates,http://polycotassociates.com (Work),http://polycotassociates.com,Austin,TX,"Austin, TX",30.267153,-97.7430608
Port Townsend Shipwrights Co-op,http://ptshipwrights.com (Work),http://ptshipwrights.com,Port Townsend,WA,"Port Townsend, WA",48.1170387,-122.7604471
Position Development,http://positiondev.com (Work),http://positiondev.com,Brooklyn,NY,"Brooklyn, NY",40.6781784,-73.9441579
Positively 3rd Street Bakery,http://positively3rdstreetbakery.com (Work),http://positively3rdstreetbakery.com,Duluth,MN,"Duluth, MN",46.7866719,-92.1004852
Pro Arte Chamber Orchestra of Boston,http://proarte.org (Work),http://proarte.org,Cambridge,MA,"Cambridge, MA",42.3736158,-71.1097335
Profane Existence,http://www.profaneexistence.com/ (Work),http://www.profaneexistence.com/,Huntington,WV,"Huntington, WV",38.4192496,-82.445154
PT360,http://pt360coop.com (Work),http://pt360coop.com,Williston,VT,"Williston, VT",44.4454432,-73.099194
PV Squared,http://www.pvsquared.coop (Work),http://www.pvsquared.coop,Greenfield,MA,"Greenfield, MA",42.587915,-72.5994104
Quilted,http://quilted.coop (Work),http://quilted.coop,Berkeley,CA,"Berkeley, CA",37.8715926,-122.272747
Rad Dish Café,,,Philadelphia,PA,"Philadelphia, PA",39.9525839,-75.1652215
Radical Designs,http://radicaldesigns.org (Work),http://radicaldesigns.org,Oakland,CA,"Oakland, CA",37.8043637,-122.2711137
Radix Media,http://radixmedia.org (Work),http://radixmedia.org,Brooklyn,NY,"Brooklyn, NY",40.6781784,-73.9441579
Rainbow Grocery Cooperative,http://www.rainbow.coop (Work),http://www.rainbow.coop,San Francisco,CA,"San Francisco, CA",37.7749295,-122.4194155
Real Pickles Cooperative,http://realpickles.com (Work),http://realpickles.com,Greenfield,MA,"Greenfield, MA",42.587915,-72.5994104
Red Emma's Bookstore Coffeehouse,http://redemmas.org (Work),http://redemmas.org,Baltimore,MD,"Baltimore, MD",39.2903848,-76.6121893
Red House,http://www.redhousebuilding.com (Work),http://www.redhousebuilding.com,Burlington,VT,"Burlington, VT",44.4758825,-73.212072
Red Sun Press,http://redsunpress.com (Work),http://redsunpress.com,Boston,MA,"Boston, MA",42.3600825,-71.0588801
Research Action Design,http://rad.cat/ (Work),http://rad.cat/,Joshua Tree,CA,"Joshua Tree, CA",34.134728,-116.3130661
Restif Cleaning Services Cooperative,http://restif.com (Work),http://restif.com,Arcata,CA,"Arcata, CA",40.8665166,-124.0828396
Restoring Roots Landscaping Co-op,http://restoringroots.net/ (Work),http://restoringroots.net/,Boston,MA,"Boston, MA",42.3600825,-71.0588801
Rhizome Urban Gardens,http://www.rhizomecollective.org (Work),http://www.rhizomecollective.org,San Francisco,CA,"San Francisco, CA",37.7749295,-122.4194155
River West Public House,http://riverwestpublichouse.wordpress.com (Work),http://riverwestpublichouse.wordpress.com,Milwaukee,WI,"Milwaukee, WI",43.0389025,-87.9064736
Riverwest Co-Op Grocery & Café,http://riverwestcoop.org/ (Work),http://riverwestcoop.org/,Milwaukee,WI,"Milwaukee, WI",43.0389025,-87.9064736
Roca Mia Construction,http://rocamiaconstruction.wix.com/rocamia (Work),http://rocamiaconstruction.wix.com/rocamia,Far Rockaway,NY,"Far Rockaway, NY",40.5998931,-73.7448437
Round Sky Solutions,http://www.roundskysolutions.com (Work),http://www.roundskysolutions.com,Montpelier,VT,"Montpelier, VT",44.2600593,-72.5753869
Roundabout Music Company,,,Whitesburg,KY,"Whitesburg, KY",37.1184318,-82.8268265
Rust Belt Riders Composting,http://www.rustbeltriderscomposting.com (Work),http://www.rustbeltriderscomposting.com,Cleveland,AL,"Cleveland, AL",33.9909316,-86.5774905
Salsedo Press,http://salsedopressinc.com/ (Work),http://salsedopressinc.com/,Chicago,IL,"Chicago, IL",41.8781136,-87.6297982
Samamkaya Yoga Back Care & Scoliosis Collective,http://www.samamkayabackcare.com/ (Work),http://www.samamkayabackcare.com/,New York,NY,"New York, NY",40.7127753,-74.0059728
San Francisco Mime Troupe,http://www.sfmt.org/index.php (Work),http://www.sfmt.org/index.php,San Francisco,CA,"San Francisco, CA",37.7749295,-122.4194155
Sandhills Farm To Table Cooperative,https://sandhills.deliverybizpro.com (Work),https://sandhills.deliverybizpro.com,Southern Pines,NC,"Southern Pines, NC",35.1740471,-79.3922539
Sassafras Tech Collective,http://sassafras.coop (Work),http://sassafras.coop,Ann Arbor,MI,"Ann Arbor, MI",42.2808256,-83.7430378
Select Machine,http://selectmachineryinc.com (Work),http://selectmachineryinc.com,Kent,OH,"Kent, OH",41.1536674,-81.3578859
Seward Café,http://sewardcafe.com (Work),http://sewardcafe.com,Minneapolis,MN,"Minneapolis, MN",44.977753,-93.2650108
Seward Child Care Center,http://www.sewardchildcare.org (Work),http://www.sewardchildcare.org,Minnneapolis,MN,"Minnneapolis, MN",44.977753,-93.2650108
SF Green Cab,http://greencabsf.com (Work),http://greencabsf.com,San Francisco,CA,"San Francisco, CA",37.7749295,-122.4194155
Shot in the Dark Cafe,http://facebook.com/Shot-in-the-Dark-Cafe-114706246877/ (Work),http://facebook.com/Shot-in-the-Dark-Cafe-114706246877/,Tucson,AZ,"Tucson, AZ",32.2226066,-110.9747108
Si Se Puede We Can Do It Women's Cooperative,http://www.wecandoit.coop (Work),http://www.wecandoit.coop,Brooklyn,NY,"Brooklyn, NY",40.6781784,-73.9441579
Skedaddle Pest Management,,,Brooklyn,NY,"Brooklyn, NY",40.6781784,-73.9441579
Small World Food,http://smallworldfood.com (Work),http://smallworldfood.com,Rochester,NY,"Rochester, NY",43.1565779,-77.6088465
Sol Chariots Pedicab Cooperative,http://solchariotspedicab.com (Work),http://solchariotspedicab.com,Providence,RI,"Providence, RI",41.8239891,-71.4128343
Solidarity Research Center,http://solidarityresearch.org/ (Work),http://solidarityresearch.org/,Los Angeles,CA,"Los Angeles, CA",34.0522342,-118.2436849
South Mountain Company,http://southmountain.com (Work),http://southmountain.com,West Tisbury,MA,"West Tisbury, MA",41.3812245,-70.6744723
Southern Alternative,https://www.facebook.com/federationsoutherncooperatives/posts/516133618406447 (Work),https://www.facebook.com/federationsoutherncooperatives/posts/516133618406447,Leslie,GA,"Leslie, GA",31.9554475,-84.0865706
Southwest Boulevard Family Health Care,http://www.swbfhc.org/ (Work),http://www.swbfhc.org/,Kansas City,KS,"Kansas City, KS",39.1155314,-94.6267873
Steven's Square Center for the Arts,http://stevensarts.org (Work),http://stevensarts.org,Minneapolis,MN,"Minneapolis, MN",44.977753,-93.2650108
Stumptown Printers,http://stumptownprinters.com (Work),http://stumptownprinters.com,Portland,OR,"Portland, OR",45.5122308,-122.6587185
Sudbury Valley School,http://sudval.org (Work),http://sudval.org,Framingham,MA,"Framingham, MA",42.279286,-71.4161565
Suigetsukan Martial Arts School,http://suigetsukan.org (Work),http://suigetsukan.org,Oakland,CA,"Oakland, CA",37.8043637,-122.2711137
Sunset Scholars Tutoring Cooperative,http://sunsetscholars.coop (Work),http://sunsetscholars.coop,Brooklyn,NY,"Brooklyn, NY",40.6781784,-73.9441579
Sunshine Propane,http://sunshinepropane.com (Work),http://sunshinepropane.com,Port Hadlock,WA,"Port Hadlock, WA",48.0351216,-122.7760267
Surface Chemists of Florida,http://www.surfacechemists.com/ (Work),http://www.surfacechemists.com/,Jupiter,FL,"Jupiter, FL",26.9342246,-80.0942087
Sustainable Economies Law Center,http://www.theselc.org/ (Work),http://www.theselc.org/,oakland,CA,"oakland, CA",37.8043637,-122.2711137
Sustainergy Cooperative,http://www.sustainergy.coop (Work),http://www.sustainergy.coop,Cincinnati,OH,"Cincinnati, OH",39.1031182,-84.5120196
Syracuse Cultural Workers,http://syracuseculturalworkers.com (Work),http://syracuseculturalworkers.com,Syracuse,NY,"Syracuse, NY",43.0481221,-76.1474244
Tadpole Collective,http://tadpole.cc (Work),http://tadpole.cc,Brooklyn,NY,"Brooklyn, NY",40.6781784,-73.9441579
Tamarack Media Cooperative,http://tamarackmedia.com/ (Work),http://tamarackmedia.com/,Burlington,VT,"Burlington, VT",44.4758825,-73.212072
Tangerine Clean,http://tangerineclean.coop (Work),http://tangerineclean.coop,Durham,NC,"Durham, NC",35.9940329,-78.898619
TeamWorks Cleaning,http://teamworks.coop/our-cooperatives/house-cleaning/ (Work),http://teamworks.coop/our-cooperatives/house-cleaning/,Sunnyvale,CA,"Sunnyvale, CA",37.36883,-122.0363496
Teamworks Sustainable Landscapes,http://teamworks.coopour-cooperatives/landscaping/ (Work),http://teamworks.coopour-cooperatives/landscaping/,​Sunnyvale,CA,"​Sunnyvale, CA",37.36883,-122.0363496
Tech Support Collective,http://site.techsupport.coop (Work),http://site.techsupport.coop,Portland,OR,"Portland, OR",45.5122308,-122.6587185
TechCollective,http://www.techcollective.com (Work),http://www.techcollective.com,San Francisco,CA,"San Francisco, CA",37.7749295,-122.4194155
Terra Firma Building & Remodeling,http://www.terrafirmamn.com/ (Work),http://www.terrafirmamn.com/,St. Paul,MN,"St. Paul, MN",44.9537029,-93.0899578
Terranova Catering,http://welcometocivilization.comterranova/terranova.html (Work),http://welcometocivilization.comterranova/terranova.html,Gainesville,FL,"Gainesville, FL",29.6516344,-82.3248262
The Cheese Board Collective,http://cheeseboardcollective.coop (Work),http://cheeseboardcollective.coop,Berkeley,CA,"Berkeley, CA",37.8715926,-122.272747
The Flaming Eggplant,https://www.facebook.com/theflamingeggplant/ (Work),https://www.facebook.com/theflamingeggplant/,Olympia,WA,"Olympia, WA",47.0378741,-122.9006951
The Hardtimes Café,http://facebook.com/hardtimescafe (Work),http://facebook.com/hardtimescafe,Minneapolis,MN,"Minneapolis, MN",44.977753,-93.2650108
The Hub Bike Co-op,http://thehubbikecoop.org (Work),http://thehubbikecoop.org,Minneapolis,MN,"Minneapolis, MN",44.977753,-93.2650108
The New School of Montpelier,http://www.nsmvt.org (Work),http://www.nsmvt.org,Montpelier,VT,"Montpelier, VT",44.2600593,-72.5753869
The Purple Carrot Co-op,http://www.purplecarrot.coop/ (Work),http://www.purplecarrot.coop/,Lawrence,KS,"Lawrence, KS",38.9716689,-95.2352501
The Seed,https://www.facebook.com/theseedlancaster (Work),https://www.facebook.com/theseedlancaster,Lancaster,PA,"Lancaster, PA",40.0466571,-76.1783739
The Stud,https://www.studsf.com/ (Work),https://www.studsf.com/,San Francisco,CA,"San Francisco, CA",37.7749295,-122.4194155
The Vital Compass,http://thevitalcompass.com (Work),http://thevitalcompass.com,Portland,OR,"Portland, OR",45.5122308,-122.6587185
Third Root Community Health Center,http://www.thirdroot.org (Work),http://www.thirdroot.org,Brooklyn,NY,"Brooklyn, NY",40.6781784,-73.9441579
Thread Coffee,https://redemmas.org/thread (Work),https://redemmas.org/thread,Baltimore,MD,"Baltimore, MD",39.2903848,-76.6121893
Three Stone Hearth Community-Supported Kitchen,http://threestonehearth.com (Work),http://threestonehearth.com,Berkeley,CA,"Berkeley, CA",37.8715926,-122.272747
Tierra Wools,http://handweavers.com (Work),http://handweavers.com,Los Ojos,NM,"Los Ojos, NM",36.7290029,-106.570561
TimberHomes Vermont,http://www.timberhomesllc.com (Work),http://www.timberhomesllc.com,Vershire,VT,"Vershire, VT",43.9729649,-72.3395077
Time of Day Media,http://timeofdaymedia.com (Work),http://timeofdaymedia.com,Brooklyn,NY,"Brooklyn, NY",40.6781784,-73.9441579
Toolbox for Education and Social Action,http://toolboxfored.org (Work),http://toolboxfored.org,Northampton,MA,"Northampton, MA",42.3250896,-72.6412013
Treasure City Thrift,http://treasurecitythrift.org (Work),http://treasurecitythrift.org,Austin,TX,"Austin, TX",30.267153,-97.7430608
Trusty Amigos,https://trustyamigos.coop/ (Work),https://trustyamigos.coop/,New York,NY,"New York, NY",40.7127753,-74.0059728
Ubuntu Coffee Cooperative,http://ubuntucoffeecoop.com (Work),http://ubuntucoffeecoop.com,Emeryville,CA,"Emeryville, CA",37.831316,-122.2852473
Ujamaa Freedom Market,http://ujamaafreedommarket.wordpress.com (Work),http://ujamaafreedommarket.wordpress.com,Asheville,NC,"Asheville, NC",35.5950581,-82.5514869
Union Cab of Madison,http://www.unioncab.com (Work),http://www.unioncab.com,Madison,WI,"Madison, WI",43.0730517,-89.4012302
Union Cab of Portland,http://www.unioncabpdx.com/ (Work),http://www.unioncabpdx.com/,Portland,OR,"Portland, OR",45.5122308,-122.6587185
Union Taxi Cooperative of Denver,http://www.uniontaxidenver.net/ (Work),http://www.uniontaxidenver.net/,Denver,CO,"Denver, CO",39.7392358,-104.990251
Union Technology Cooperative,http://uniontechcoop.com (Work),http://uniontechcoop.com,Middleton,WI,"Middleton, WI",43.0972174,-89.5042876
United Handyman,http://unitedhandymen.coop (Work),http://unitedhandymen.coop,Brooklyn,NY,"Brooklyn, NY",40.6781784,-73.9441579
Uptown Village Cooperative,http://www.uptownvillage.coop/ (Work),http://www.uptownvillage.coop/,Manhattan,NY,"Manhattan, NY",40.7830603,-73.9712488
Valley Green Feast,http://valleygreenfeast.coop (Work),http://valleygreenfeast.coop,Northampton,MA,"Northampton, MA",42.3250896,-72.6412013
Velocity Bicycle Cooperative,http://velocitycoop.org/ (Work),http://velocitycoop.org/,Alexandria,VA,"Alexandria, VA",38.8048355,-77.0469214
Vermont Computing Cooperative,http://vtcc.coop (Work),http://vtcc.coop,Randolph,VT,"Randolph, VT",43.9247446,-72.6656948
Vida Verde Women's Cooperative,http://vidaverdecoop.org (Work),http://vidaverdecoop.org,Brighton,MA,"Brighton, MA",42.3463503,-71.1626756
Villari's Martial Arts Cooperative,http://villarismadison.com (Work),http://villarismadison.com,Madison,WI,"Madison, WI",43.0730517,-89.4012302
Warrenstreet Architects,https://www.warrenstreet.coop (Work),https://www.warrenstreet.coop,Concord,NH,"Concord, NH",43.2081366,-71.5375718
Weaver Street Market,http://weaverstreetmarket.coop (Work),http://weaverstreetmarket.coop,Carrboro,NC,"Carrboro, NC",35.9101438,-79.0752895
Wellspring Upholstery Cooperative,http://wellspring.coop (Work),http://wellspring.coop,Springfield,MA,"Springfield, MA",42.1014831,-72.589811
Whispering Winds Bamboo Cooperative,http://www.whisperingwindsbamboo.com/coop.html (Work),http://www.whisperingwindsbamboo.com/coop.html,Hana,HI,"Hana, HI",20.757508,-155.988407
Whole Builders Cooperative,http://wholebuilders.com (Work),http://wholebuilders.com,Minneapolis,MN,"Minneapolis, MN",44.977753,-93.2650108
Win Win Coffee Bar,http://winwincoffeebar.com/ (Work),http://winwincoffeebar.com/,Philadelphia,PA,"Philadelphia, PA",39.9525839,-75.1652215
Wisconsin Natural Heritage Cooperative,,,Madison,WI,"Madison, WI",43.0730517,-89.4012302
Woodbelly Pizza,http://woodbellypizza.com (Work),http://woodbellypizza.com,Montpelier,VT,"Montpelier, VT",44.2600593,-72.5753869
Workers Transport,,,Brooklyn,NY,"Brooklyn, NY",40.6781784,-73.9441579
WORT FM,http://wort-fm.org (Work),http://wort-fm.org,Madison,WI,"Madison, WI",43.0730517,-89.4012302
worX Printing Cooperative,http://worxprinting.coop (Work),http://worxprinting.coop,Worcester,MA,"Worcester, MA",42.2625932,-71.8022934
XENSHA,http://xensha.coop (Work),http://xensha.coop,Alexandria,VA,"Alexandria, VA",38.8048355,-77.0469214